Date,Silent_wealth_share_pct,Silent_household_share_pct,Silent_concentration_ratio,BabyBoom_wealth_share_pct,BabyBoom_household_share_pct,BabyBoom_concentration_ratio,GenX_wealth_share_pct,GenX_household_share_pct,GenX_concentration_ratio,Millennial_wealth_share_pct,Millennial_household_share_pct,Millennial_concentration_ratio
1989-09-30,80.11318401394443,52.196649410217255,1.5348338431520596,19.5079361344079,42.2377793376079,0.46185989037161146,0.3788798516476697,5.5655712521748395,0.06807564479560227,0.0,0.0,
1989-12-31,79.79192699849582,52.091404947857825,1.5317676126870743,19.771541737330736,42.154850940812025,0.4690217447356458,0.43653126417344384,5.7537441113301515,0.07586907859072768,0.0,0.0,
1990-03-31,79.79805530872616,51.93718373267843,1.5364340068850886,19.73960502474819,42.08660072492566,0.4690235059316033,0.4623396665256373,5.9762155423959165,0.07736328504983629,0.0,0.0,
1990-06-30,79.66275128500648,51.73687617935477,1.5397673220323906,19.860423275780224,42.03206005970846,0.4725065401878372,0.4768254392133025,6.231063760936766,0.07652392232006586,0.0,0.0,
1990-09-30,79.93563939036702,51.49334473545662,1.5523489453060517,19.517457113930263,41.99027243855925,0.4648090136230594,0.5469034957027142,6.516382825984138,0.08392746563660002,0.0,0.0,
1990-12-31,79.36870467630064,51.20942155803392,1.5498848114571018,19.99698125312551,41.96029122882791,0.476569172126885,0.6343140705738497,6.830287213138164,0.09286784739501681,0.0,0.0,
1991-03-31,78.76074580484999,50.88791190002458,1.547729959122413,20.519857169399437,41.94117988162275,0.4892532167029131,0.7193970257505673,7.170908218352672,0.10032160555470475,0.0,0.0,
1991-06-30,78.78086975361404,50.53159301215254,1.5590418796943077,20.47036809659413,41.93201038278177,0.48817998254144584,0.7487621497918385,7.5363966050656925,0.09935280599332415,0.0,0.0,
1991-09-30,78.26459015603253,50.14321608259835,1.5608211094220856,20.911648913806093,41.93186719212424,0.49870540746474984,0.8237609301613902,7.924916725277413,0.10394568911164859,0.0,0.0,
1991-12-31,77.40973286344538,49.72550755396295,1.5567409297821455,21.622472683329992,41.9398419358342,0.5155592316349513,0.9677944532246259,8.334650510202849,0.1161169807948038,0.0,0.0,
1992-03-31,77.38463916336318,49.281170400538215,1.5702678839485928,21.65923245886151,41.95503455992745,0.5162487097448113,0.9561283777753106,8.763795039534333,0.10909981046591372,0.0,0.0,
1992-06-30,77.2141720348978,48.81288054894559,1.5818401038118146,21.85428989396521,41.976556415412084,0.5206308415985548,0.9315380711369968,9.210563035642327,0.10113801594236993,0.0,0.0,
1992-09-30,76.6172334915183,48.32329314066022,1.585513496948555,22.39754542124837,42.00352444614841,0.5332301447694862,0.9852210872333284,9.673182413191373,0.10185077104405442,0.0,0.0,
1992-12-31,75.48876671094227,47.81530497865404,1.5787574029830482,23.376476855330402,42.034888453169465,0.5561208252372035,1.1347564337273166,10.149806568176496,0.1118007940451998,0.0,0.0,
1993-03-31,74.97161154126744,47.29284411577767,1.5852633298544985,23.818863841818935,42.06890056228158,0.5661869819144885,1.2095246169136347,10.638255321940754,0.11369576874311935,0.0,0.0,
1993-06-30,74.39980711733469,46.760071433252385,1.5910969516703288,24.34601379877854,42.10365229537666,0.5782399500162112,1.2541790838867755,11.136276271370955,0.11262104614906228,0.0,0.0,
1993-09-30,73.72023408390758,46.22111237879825,1.5949472068033406,24.920143129853535,42.13725557112448,0.591404038827119,1.3596227862388781,11.641632050077275,0.11678970615033767,0.0,0.0,
1993-12-31,73.1447500571138,45.6800640162067,1.601240095267007,25.423126011247206,42.167840428187745,0.6029032018972621,1.432123931639003,12.152095555605555,0.11784995641993522,0.0,0.0,
1994-03-31,73.00555655690206,45.140987083339155,1.6172786922474562,25.590673901781823,42.19355519326976,0.6065066995317749,1.4037695413161093,12.665457723391082,0.11083448952054616,0.0,0.0,
1994-06-30,72.81302301340261,44.60790885380752,1.6322895397771517,25.83274920734607,42.21256921068009,0.6119681812878188,1.3542277792513184,13.179521935512389,0.10275242045026949,0.0,0.0,
1994-09-30,72.17091078819814,44.08482240417628,1.637092016080373,26.38979718818788,42.223069586191826,0.6250089689551637,1.4392920236139746,13.692108009631902,0.10511836618594338,0.0,0.0,
1994-12-31,71.94499146889368,43.57568347639048,1.6510352960470218,26.6366756424053,42.223267935781124,0.6308530093624675,1.4183328887010178,14.201048587828396,0.09987522258860937,0.0,0.0,
1995-03-31,71.05732483224632,43.08441164972119,1.6492583305986994,27.31813558417261,42.211394741699095,0.6471744359867365,1.6245395835810639,14.704193608579713,0.1104813787702826,0.0,0.0,
1995-06-30,70.10120973759236,42.614886111490755,1.6449934784335876,28.105087217833514,42.18570191423965,0.6662230552657162,1.7937030445741384,15.199411974269589,0.11801134462376695,0.0,0.0,
1995-09-30,69.40096241921006,42.170945336932874,1.6457056360657256,28.626367199867538,42.14446731947463,0.6792437779048525,1.9726703809224053,15.684587343592494,0.12577126434431093,0.0,0.0,
1995-12-31,68.66007223202732,41.75509134206049,1.6443521023474583,29.242896572618864,42.08685124324082,0.6948226277040693,2.0970311953538086,16.158057414698686,0.12978238296431463,0.0,0.0,
1996-03-31,68.10725571685606,41.364629993206776,1.6465094871643036,29.662237540587576,42.015454782890046,0.7059839693242337,2.2305067425563547,16.619915223903174,0.13420686643144752,0.0,0.0,
1996-06-30,67.74930719338175,40.99559505610915,1.6525996781033618,30.038330169711426,41.93370494663626,0.7163290295464572,2.212362636906826,17.070699997254582,0.12959999515325277,0.0,0.0,
1996-09-30,67.45472136473381,40.64404841958314,1.659645728899209,30.35449835645369,41.84499032854207,0.7254034023697498,2.1907802788124964,17.510961251874793,0.12510908152331973,0.0,0.0,
1996-12-31,66.80941124071937,40.30608499701275,1.6575514899467632,30.749317646138678,41.75265610999233,0.7364637489201481,2.4412711131419402,17.941258892994917,0.13607022381774578,0.0,0.0,
1997-03-31,66.41979535275799,39.977830275676155,1.6614157120270232,31.06517742634938,41.660009216214405,0.7456834026397327,2.5150272208926414,18.36216050810944,0.13696793576016875,0.0,0.0,
1997-06-30,65.15051322200492,39.65544599217027,1.6429146512402986,31.88099437102892,41.5703105977367,0.7669173963969537,2.9684924069661633,18.774243410093028,0.1581151550091389,0.0,0.0,
1997-09-30,64.28003008821068,39.335127666628836,1.634163504768401,32.438661962638385,41.48678274953641,0.7819035319869644,3.2813079491509365,19.178089583834744,0.17109670568630353,0.0,0.0,
1997-12-31,63.928741000236386,39.01310611094673,1.6386478128256123,32.74956359268141,41.41260605975479,0.7908114631913441,3.3216954070822027,19.574287829298477,0.1696968715311493,0.0,0.0,
1998-03-31,62.56207254604592,38.68564586114316,1.6171908508547055,33.610219011222455,41.35092256462448,0.8128045742799421,3.8277084427316277,19.963431574232363,0.191735996313991,0.0,0.0,
1998-06-30,62.09419509034614,38.349043205337665,1.619184988732743,34.041570062237994,41.30483585102599,0.8241545901553902,3.864234847415863,20.346120943636347,0.189924893207935,0.0,0.0,
1998-09-30,62.26945472521691,37.99962727995921,1.6386859341132924,34.28144212343002,41.277415393735545,0.8305132915040202,3.449103151353077,20.72295732630524,0.1664387518172836,0.0,0.0,
1998-12-31,60.41967016774746,37.63496112711315,1.6054133804915676,35.28744177167186,41.27054956485734,0.8550271838812582,4.29288806058068,21.094489308029505,0.20350756057159508,0.0,0.0,
1999-03-31,59.75414702788052,37.257441449078584,1.6038177798534339,35.7583291626921,41.28152791436126,0.8662065327832084,4.487523809427374,21.46103063656016,0.20910103924750972,0.0,0.0,
1999-06-30,58.7892072231717,36.8706338291225,1.5944723786314918,36.39610733390468,41.30653350507076,0.881122288546356,4.814685442923616,21.82283266580674,0.2206260533018493,0.0,0.0,
1999-09-30,58.42006005448722,36.47806508528759,1.60151202970602,36.836627717711664,41.34179198489667,0.8910263911919717,4.743312227801112,22.180142929815737,0.21385399737099517,0.0,0.0,
1999-12-31,56.59953000062603,36.08322228080052,1.568583026209996,37.93165617972784,41.38357334300124,0.9165872619393515,5.4688138196461304,22.533204376198242,0.24270022711118808,0.0,0.0,
2000-03-31,55.62635497570272,35.68955541107461,1.5586172014471675,38.62401268559575,41.42818746137512,0.9323123953131237,5.7496323387015265,22.88225712755027,0.2512703317094956,0.0,0.0,
2000-06-30,55.24186765331507,35.300481947551376,1.5649040637856484,39.05277092979594,41.47198317199018,0.9416663478049404,5.70536141688899,23.227534880458443,0.2456292260996223,0.0,0.0,
2000-09-30,54.552242559571695,34.91938410058403,1.5622338126708053,39.656209627753675,41.51134388655677,0.9553101854791102,5.791547812674631,23.569272012859198,0.2457245098412378,0.0,0.0,
2000-12-31,54.44008694658232,34.549613322128636,1.575707561152763,40.054584442969976,41.542692227152976,0.96417883135628,5.505328610447698,23.907694450718385,0.23027434208664452,0.0,0.0,
2001-03-31,54.175171982006745,34.19449257080276,1.584324489384722,40.509063731528734,41.56247830750427,0.9746546736654695,5.31576428646452,24.24302912169297,0.21926980575657135,0.0,0.0,
2001-06-30,53.3999434527684,33.85731381826841,1.5772055556266653,40.96080214995403,41.56718859656071,0.9854118965684184,5.639254397277572,24.575497585170886,0.22946653990356466,0.0,0.0,
2001-09-30,53.428662239112846,33.29843243824106,1.6045398634968038,41.362343677260085,41.25239694817739,1.0026652203803046,5.184595323107858,24.72494887030137,0.20969084103285604,0.02439876051921987,0.7242217432801786,0.03368962716959018
2001-12-31,52.669151081053954,32.9413737768423,1.598875366821533,41.667241737831674,41.13472349106437,1.0129457111066513,5.6171828376334485,24.99919403304704,0.22469455736084765,0.046424343480919554,0.9247086990462924,0.0502042897712542
2002-03-31,52.11356125370542,32.60372400091167,1.5983929091121067,42.068477139947895,40.9950286911692,1.0261848444323671,5.761912576345059,25.266357487337686,0.2280468238934979,0.05604903000161573,1.1348898205814408,0.049387199519421186
2002-06-30,52.26384118289731,32.28285794468698,1.6189347694199032,42.220918662080486,40.837230424657086,1.0338830087896447,5.457257281239592,25.525625219810838,0.21379524435719321,0.057982873782617655,1.3542864108450954,0.04281433625730281
2002-09-30,52.431313498314424,31.976171632507977,1.639699526913069,42.41546021644609,40.66517906099704,1.0430412750137816,5.081588259815033,25.7762118746983,0.19714255471352152,0.07163802542445635,1.5824374317966812,0.04527068431585277
2002-12-31,51.96669599596915,31.681085247664935,1.6403066874042571,42.7325221692822,40.48264865609259,1.0555762428566047,5.227082325821741,26.017364556565376,0.2009074483488647,0.07369950892691228,1.8189015396770973,0.040518690714834334
2003-03-31,51.654194629322944,31.39504516240462,1.645297669174196,43.002245079011345,40.2933415641956,1.067229557283054,5.240189813204632,26.24835608408067,0.199638781050473,0.10337047846108059,2.0632571893191023,0.05010062681288608
2003-06-30,50.77258745984654,31.11552287671593,1.6317446330892353,43.39108332603704,40.10088447315202,1.0820480369974843,5.721477462367616,26.468490195370475,0.2161618369667471,0.11485175174880094,2.3151024547615755,0.049609792220029036
2003-09-30,50.252954927376,30.84002052760397,1.629472162069286,43.81248600538299,39.9088312610167,1.0978143087888272,5.826994968389049,26.677090751755024,0.21842692753165766,0.10756409885195486,2.5740574596243024,0.04178776136087282
2003-12-31,49.50537029180284,30.566066599836876,1.6196186097450642,44.1084303584622,39.72066316906754,1.1104656075533912,6.255643443445925,26.8735069803052,0.2327810600987248,0.13055590628902733,2.8397632507903734,0.04597422205977577
2004-03-31,48.99940173245385,30.291215381918224,1.6176109513817372,44.42202894491379,39.53979353622994,1.12347650232949,6.421227628388918,27.057106427173714,0.2373212984053615,0.1573416942434477,3.1118846546781103,0.050561544434789774
2004-06-30,48.37483498887627,30.013049614597083,1.6117933902107966,44.92311961148561,39.3695704410064,1.1410619701528357,6.5373664117512735,27.227273488522634,0.24010360106409592,0.16467898788684038,3.3901064558738807,0.04857634709420665
2004-09-30,47.970335388112524,29.729171199645887,1.6135779590345227,45.26789074696805,39.21327916209645,1.1544020728244524,6.566790793005614,27.38341092705532,0.23980908771731949,0.1949830719138156,3.6741387112023474,0.053069055699861735
2004-12-31,46.99370495941484,29.437817161847455,1.5963719287013065,45.792809386699695,39.07324941889072,1.1719734106516433,6.984906717642827,27.52525873128171,0.25376352628811694,0.22857893624263717,3.963674687980117,0.057668440080565916
2005-03-31,46.42905008472877,29.13966492354153,1.5933282076699307,45.984379737754416,38.94818056056478,1.1806554009948753,7.2830023866678,27.653871310946865,0.26336285089259104,0.30356779084901153,4.258283204946829,0.07128877442823862
2005-06-30,45.82823776268799,28.83596244153399,1.589273736071979,46.2705322702478,38.8358967401022,1.1914372051172066,7.548762097500116,27.77061240216384,0.27182555386902196,0.35246786956409265,4.557528416199962,0.07733750343963365
2005-09-30,45.009281802523695,28.527911012439773,1.5777279234675514,46.62897932570291,38.73425500949088,1.2038176367217497,7.968000020778497,27.87682642100822,0.2858288063512761,0.39373885099490213,4.861007557061122,0.08099943198462121
2005-12-31,44.35871848041838,28.216666518347118,1.5720750873096698,47.041936550262534,38.641142004944435,1.217405441698466,8.186448235107276,27.97384084592876,0.2926465579108602,0.4128967342118149,5.168350630779689,0.07988945868974953
2006-03-31,43.73582131431357,27.903344999367043,1.5674042418679792,47.306748600357466,38.554476734563956,1.227010521399377,8.51637793863963,28.062959909013212,0.3034739730324867,0.4410521466893353,5.479218357055793,0.08049544988864626
2006-06-30,43.32327206519018,27.589018920985918,1.5703085415710747,47.70370549856575,38.47220239618622,1.239952550865522,8.528970929996134,28.145473695376506,0.3030317067073275,0.4440515062479298,5.793304987451353,0.076649081519059
2006-09-30,42.71297670370499,27.274724253200283,1.5660278104807333,48.079742025140845,38.39228625210498,1.2523281814847564,8.753714477418246,28.22265194502776,0.31016626270517667,0.4535667937359196,6.110337549666976,0.07422941695923817
2006-12-31,42.020658158045876,26.961461050984763,1.5585452909463553,48.38410768163889,38.31271684278848,1.2628733138445158,9.11752629062621,28.295751616932453,0.32222244576002684,0.47770786968902923,6.430070489294298,0.07429278893355612
2007-03-31,41.540821898769906,26.650195410525452,1.5587436136533328,48.75151509374671,38.231494771464455,1.2751663356394394,9.241164797307976,28.36601641605714,0.32578296020715947,0.4664982101754034,6.752293401952955,0.06908737260150438
2007-06-30,40.998892794219245,26.34186553030025,1.5564156892024015,49.07871700348427,38.14663199123647,1.286580608604169,9.45150867258397,28.434678889987573,0.3323937192732652,0.47088152971250935,7.076823588475702,0.06653854286820422
2007-09-30,40.64903501834643,26.03738194844965,1.5611798105825616,49.45355428580203,38.05614436499853,1.2994893495118771,9.46137472843908,28.502965502400812,0.33194352102212477,0.4360359674124639,7.403508184151009,0.058895858094126764
2007-12-31,40.24706689049549,25.737327681051536,1.5637624616376309,50.01219050501792,37.958634498160606,1.3175445103917371,9.26093169624943,28.571718320622956,0.3241293223013796,0.4798109082371592,7.732319500164896,0.06205264904365721
2008-03-31,40.07430890139787,25.44107128740776,1.5751816599497104,50.64210735054966,37.855069960714765,1.3377892948845431,8.840655462084166,28.640252243520344,0.30867938546471085,0.4429282859683001,8.063606508357136,0.05492930309896055
2008-06-30,39.676159541005184,25.1477524992263,1.5777218875613583,51.39780305214203,37.74701653293641,1.361638820045408,8.595994573799642,28.70749388766658,0.2994338205708958,0.330042833053137,8.39773708017071,0.03930140106820632
2008-09-30,39.65316240143935,24.856590961500448,1.5952775850420047,51.881097098438254,37.63605602667297,1.3784945229561172,8.087844487183556,28.772352435321636,0.28109778320575285,0.3778960129388334,8.735000576504952,0.04326227681716275
2008-12-31,39.7604425853555,24.566886532510356,1.6184567194845343,52.652227020744235,37.52378846967838,1.4031692738938288,7.14239256395355,28.833723968054088,0.2477096809231739,0.4449378299467214,9.075601029757179,0.04902571504497106
2009-03-31,39.48798533958797,24.278011564439936,1.626491742735065,52.9810341364224,37.41184058712545,1.416156845131399,7.017228284873965,28.89049002773595,0.2428905940375938,0.5137522391156676,9.41965782069867,0.05454043542715034
2009-06-30,38.643225834573094,23.989415135349322,1.6108448503869868,53.369760001571876,37.30185996642911,1.4307533203331826,7.521814629302832,28.941519870160015,0.2598970151895221,0.46519953455220014,9.76720502806155,0.04762872625440587
2009-09-30,37.711879962094905,23.700620227565008,1.5911769227977461,53.507468841022664,37.195516595800676,1.4385461942223323,8.267833798190201,28.985676362069974,0.2852386018153887,0.5128173986922308,10.118186814564337,0.05068273674825516
2009-12-31,36.996459815656564,23.41122317694629,1.5802873491927603,53.839679128611785,37.094500559011394,1.4514194373088134,8.559025778077785,29.02181790142772,0.29491694170049654,0.6048352776538684,10.472458362614598,0.0577548515077469
2010-03-31,36.28299802350994,23.120896076928013,1.5692730032083915,54.18559863390344,37.00051434201663,1.464455281162726,8.853216542221464,29.048807074775162,0.3047703996736323,0.6781868003651538,10.829782506280194,0.06262238414962379
2010-06-30,35.84360394837282,22.82938546749149,1.5700643365724087,54.979641060172426,36.915266464384125,1.489346991798551,8.539124791039733,29.065518826546427,0.2937888307447204,0.6376302004150297,11.18982924157796,0.056983014365026424
2010-09-30,35.00059159947184,22.536515922166796,1.5530613392217139,55.24472229329993,36.840460431834764,1.4995665538849123,9.023884242490904,29.07084667596367,0.3104100937642117,0.7308018647373353,11.55217697003477,0.06326096515253919
2010-12-31,34.45946070511782,22.242384646723952,1.5492700648980686,55.049876462080725,36.777188836610556,1.496848405315859,9.72170475226825,29.064047410604175,0.33449246125029486,0.7689580805331964,11.916379106061314,0.06452950797294313
2011-03-31,33.9397265188388,21.94790431702775,1.546376639363581,54.979547553904226,36.72413647264538,1.4970957205448987,10.339220884935648,29.045729867043452,0.3559635420512182,0.7415050423213269,12.28222934328342,0.0603721866443425
2011-06-30,33.53973775009903,21.65411948914257,1.548884856154781,54.92694596822534,36.67937560670429,1.4974885766099504,10.757956626660011,29.016848930435536,0.37074861755151084,0.775359655015623,12.649655973717602,0.061294920322465724
2011-09-30,33.434009134291394,21.361994935737382,1.5651164245132476,55.386584930301495,36.640975850689,1.5116023425795304,10.570292957370913,28.978363028521326,0.3647650126740193,0.6091129780361932,13.018666185052286,0.04678766391103582
2011-12-31,32.89718299349727,21.072417521627575,1.56114897399567,55.213824899711284,36.60700954138501,1.5082855876902719,11.208365624569423,28.93122613336889,0.3874141238570543,0.6806264822220213,13.389346803618519,0.05083343438666325
2012-03-31,32.29221003369682,20.78619243827599,1.553541377507575,55.00459030947478,36.575563191907676,1.503861745637987,11.98367451122687,28.87638083676915,0.4149991849382905,0.7195251456015378,13.761863533047189,0.0522839907454175
2012-06-30,31.900497160352902,20.504046904952133,1.5558146793279282,55.13240402213386,36.544741304323466,1.508627563211437,12.296785552571613,28.81475271511161,0.42675311754879947,0.670313264941617,14.136459075612787,0.047417338483156206
2012-09-30,31.399396032884063,20.226633779771365,1.552378728698127,54.8579435046281,36.51266686797929,1.5024359547052744,12.954325175085355,28.74724439576192,0.4506284149097488,0.7883352874024734,14.513454956487418,0.054317548079762544
2012-12-31,30.852704083840297,19.954531611505075,1.546150252208963,55.03029380682558,36.47748794680625,1.5086097454702525,13.405667358498363,28.674731879955072,0.467508028135026,0.7113347508357616,14.893248561733602,0.04776222916627136
2013-03-31,30.12179687543655,19.6882519710111,1.5299375952617715,54.54887453909644,36.43737041759115,1.4970584845705952,14.225849304261883,28.598063111655,0.49744100671154223,1.1034792812051224,15.276314499742755,0.07223465327476103
2013-06-30,29.42778702546855,19.428243088735286,1.5146911067080024,54.57750937291226,36.390496522648476,1.499773693358228,14.791848909511545,28.518055156866968,0.5186836489426511,1.202854692107646,15.66320523174927,0.07679492634556452
2013-09-30,28.788063157941057,19.174892582135573,1.5013415608263518,54.51539173369727,36.33506276101182,1.50035221054285,15.40855487322844,28.43549396025701,0.541877517400059,1.287990235133233,16.054550696595598,0.08022586614064224
2013-12-31,28.225234342851664,18.92819549598564,1.4911740714447805,54.82301100030804,36.26969741036971,1.5115375896307819,15.535254860292527,28.35110037677519,0.5479595025884351,1.4164997965477715,16.45100671686946,0.0861041406721475
2014-03-31,27.80788394379332,18.686772736583727,1.4881052140882993,55.11018391113072,36.19473992062468,1.5226020143255,15.55575211519493,28.265427274021366,0.5503455498616203,1.5261800298810313,16.85306006877023,0.09055803656151075
2014-06-30,27.41173312362799,18.448941832679573,1.4858160089741383,55.333332007287794,36.11094251534077,1.5323148096669288,15.654001343033933,28.178992163471754,0.5555202702858235,1.6009335260502835,17.26112348850791,0.09274793307145686
2014-09-30,27.06574816633807,18.21306045442575,1.486062610622979,55.756905562007375,36.01904611244114,1.54798395793021,15.493415619776199,28.0923090381562,0.5515180542379897,1.6839306518783583,17.67558439497691,0.09526873987583132
2014-12-31,26.713150253560038,17.977524182837175,1.4859193057886475,56.00500011700875,35.91977978289183,1.5591688049179877,15.478902175340309,28.00589327264501,0.5527016055031337,1.802947454090903,18.09680276162598,0.09962795516089881
2015-03-31,26.291750526735385,17.74076098429549,1.4819967728559906,56.183063181844474,35.81386856114215,1.5687515881153031,15.551803924054655,27.92026193885593,0.557007808813269,1.9733823673654873,18.525108515706425,0.10652473995995028
2015-06-30,25.931979983368457,17.501229602017652,1.481723317336449,56.395020498143424,35.70202970601793,1.5796026433936188,15.566811750124412,27.83593458784928,0.5592343846403315,2.106187768363703,18.960806104115136,0.11108113003205013
2015-09-30,25.68399012617637,17.257416530183576,1.488287084063512,56.93878428399478,35.58497899792322,1.6000791875503928,15.283523910704735,27.753432498794915,0.5506895016091564,2.0937016791241185,19.404171973098283,0.10789956314687388
2015-12-31,25.231749405162734,17.007838938366042,1.483536473775355,57.14485402849409,35.46343216539354,1.6113740419140266,15.41689708578369,27.673278837976138,0.5571040994472627,2.2064994805594917,19.855450058264278,0.11112815242589265
2016-03-31,24.841718150664814,16.751037033000546,1.4829958349280192,57.339256857750975,35.33810446587821,1.6225900546849266,15.464819011185483,27.59600103759067,0.5604007258196448,2.3542059803987327,20.314857463530565,0.11588592165241754
2016-06-30,24.478955922601298,16.485579418691458,1.4848708256409173,57.422413914037975,35.20971423991486,1.6308685018790094,15.55979974845594,27.52212830826442,0.5653559773494552,2.5388304149047842,20.782578033129266,0.12216147635089661
2016-09-30,24.04177336782279,16.21006294372302,1.4831388040434734,57.57364401762385,35.07898096727411,1.6412575972869754,15.781586268154324,27.452192597048032,0.5748752567709778,2.6029963463990424,21.258763491954834,0.12244345008043954
2016-12-31,23.423944887033127,15.923624598515525,1.4710184067776138,57.37484958488335,34.9465504399087,1.6417886418729817,16.513446583353105,27.386613436148348,0.6029751222017304,2.6877589447304238,21.74321152542743,0.12361370543570553
2017-03-31,22.73273235122371,15.627478746998612,1.454664102844467,57.01590056591998,34.8127551037195,1.63778765558915,17.412507686996072,27.325357325537343,0.637228910844761,2.838859395860246,22.23440882374454,0.12767865421402952
2017-06-30,22.10727386527302,15.323344578197737,1.4427185757297103,56.75284804181659,34.677846801292915,1.6365735844850853,18.203137958105913,27.268276412737247,0.6675573359525969,2.9367401348044777,22.7305322077721,0.12919803671822244
2017-09-30,21.460055849565876,15.012928506514362,1.4294383564308588,56.50607952451089,34.542077472492345,1.6358622196221295,19.001298561589287,27.21522655599504,0.6981863084069617,3.0325660643339485,23.229767464998254,0.1305465527755844
2017-12-31,20.842804066697855,14.69792569629386,1.4180779313609846,56.191504556810536,34.40569514333266,1.633203582218558,19.81683805802366,27.166062197122397,0.7294703926623118,3.14885331846795,23.730316963251084,0.132693268418803
2018-03-31,20.186042370068073,14.380018572493384,1.4037563490133913,55.97375853626576,34.268947236682095,1.633366737229396,20.554791767748178,27.120641280279855,0.7579021290582136,3.285407325917991,24.230392910544662,0.1355903446571119
2018-06-30,19.589403545516785,14.0608785690625,1.3931848887891287,55.82218232844208,34.132078380945394,1.6354756281002045,21.260259168905808,27.07882143815896,0.7851249810653227,3.3281549571353217,24.72822161183314,0.13458933721067542
2018-09-30,19.0250914967926,13.742163923562495,1.3844320008562792,55.6362814808034,33.99533394918717,1.6365858198058285,21.935470185662336,27.04046274315927,0.8112091273738131,3.4031568367416685,25.22203938409106,0.1349279011469718
2018-12-31,18.413746819988102,13.425523839788104,1.3715477354721026,55.96553400849164,33.85895477249235,1.6529019984385072,22.445774937779344,27.005424709463004,0.8311580054474793,3.1749442337409124,25.710096678256537,0.12349017094229818
2019-03-31,17.918850846074708,13.112594383023781,1.366537416064158,55.4678263379191,33.72318197327389,1.6447981208261473,23.178204439425404,26.97357008190694,0.8592931662009637,3.4351183765807902,26.19065356179539,0.13115817703730911
2019-06-30,17.313687938368883,12.80500243965744,1.3521034470675244,55.173726645183095,33.588254299367236,1.6426494259995674,23.834957713184178,26.944760647308165,0.8845859877981636,3.677627703263845,26.661982613667156,0.13793526747627022
2019-09-30,16.732444219491242,12.50436257637419,1.3381285225290582,55.10586142568494,33.454410269419085,1.6471927312990957,24.538316057656523,26.91886061526799,0.9115659242924548,3.62337829716729,27.122366538938735,0.13359373681368544
2019-12-31,16.560607178148032,12.21218147564906,1.356072804123463,54.841375320951144,33.321901394306984,1.6458057021416173,24.614335285606156,26.895757106178976,0.9151754006564593,3.9836822152946634,27.570160023864975,0.1444925314849951
2020-03-31,16.10261710996645,11.929563220170417,1.3498077685476584,55.028326041614015,33.19104434464083,1.657926923607004,24.641087190893863,26.875428684338594,0.9168630379932592,4.227969657525672,28.003963750850165,0.1509775435771058
2020-06-30,15.93992231354559,11.657508926462784,1.3673523575316886,54.35154865194738,33.062171934055364,1.6439194847923195,24.846258211479917,26.85787674689607,0.9251013565080629,4.862270823027108,28.422442392585783,0.1710715341020612
2020-09-30,15.734121915338115,11.397018134143,1.3805472387731041,53.92708994186637,32.93561634670064,1.6373487404697855,24.978193741394843,26.843103658692197,0.930525547976511,5.360594401400674,28.824261860464162,0.18597507985983694
2020-12-31,15.597268973836073,11.149085450372983,1.39897295103378,53.512584737570776,32.8117100661844,1.6308989878805675,25.093298865332486,26.831110861894608,0.9352314555477406,5.796847423260658,29.20809362154801,0.19846716113591495
2021-03-31,15.38534199836995,10.914704262403097,1.409597697609312,53.02845588292669,32.69078375492212,1.6221225003497326,25.241247842867658,26.8219005103098,0.9410685806237119,6.3449542758357,29.572611472364972,0.21455508864223694
2021-06-30,15.207431754894726,10.694862203535994,1.42193807320554,52.67310517448984,32.57316787576395,1.6170703867486356,25.27167968087134,26.815474822661965,0.9424289462707574,6.847783389744093,29.916495098038087,0.22889657920500078
2021-09-30,15.02345762948262,10.490543301877988,1.4320952878382536,52.38755001918493,32.4591923361504,1.6139511259754897,25.273142181795926,26.811834842227405,0.9426114374683485,7.315850169536526,30.23842951974421,0.2419388270399306
2021-12-31,14.865490877908357,10.30272477340323,1.442869843158776,52.12785411132391,32.349186293915686,1.6114116020633338,25.35190762062434,26.81098234682849,0.9455792142440187,7.6547473901433944,30.53710658585259,0.25067035636210966
2022-03-31,14.649071236944494,10.132378532315208,1.4457682557184566,51.63736340143343,32.243476949983126,1.601482479123904,25.40253904606943,26.812918774870987,0.9473992465854421,8.31102631555264,30.811225742830683,0.26974020394130194
2022-06-30,14.419600733618557,9.980469880867577,1.4447817493303328,51.42124653303497,32.14239008005052,1.5997953607361033,25.444254380410424,26.817644980946458,0.9487877999163682,8.714898352936043,31.05949505813545,0.28058725155138475
2022-09-30,14.556471353621244,9.847956752408274,1.4781209665712152,51.39493182198985,32.0462506428473,1.603773633139862,25.374813495799742,26.825161589922132,0.9459332951542306,8.673783328589163,31.2806310148223,0.27728926965952505
2022-12-31,14.233441654210472,9.584723769684173,1.4850132352514818,51.794294958077444,31.999771147853075,1.618583292948094,25.356154949891973,26.727285892556807,0.9486992076869775,8.616108437820111,31.688219189905947,0.2719025763544551
2023-03-31,14.060390366701142,9.393287475602563,1.4968551109737216,51.944342256172774,31.789426004093585,1.6340132171459718,25.39955458403162,26.647394236170584,0.9531721698159449,8.595712793094464,32.16989228413327,0.2671974378146741
2023-06-30,13.800445609465955,9.21535585828833,1.4975488545082907,51.69522971695755,31.541939803444414,1.6389362873399553,25.433455183496868,26.619509982543217,0.9554441535616489,9.070869490079634,32.623194355724046,0.2780497026493074
2023-09-30,13.614275186234329,9.06670255501228,1.5015685254511901,51.57126899750587,31.25848082619594,1.6498328656550367,25.543358516984487,26.594083093201977,0.9604902875374531,9.271097299275317,33.08073352558981,0.28025670265454067
2023-12-31,13.432522015072193,8.856881952031765,1.5166197413290325,51.80581563417485,31.198473257551967,1.6605240649599615,25.561910193737013,26.53835894856907,0.9632061365691678,9.199752157015945,33.4062858418472,0.2753898532919709
2024-03-31,13.123549341656343,8.62142561294726,1.5222017715896083,51.80499987498814,31.145052119685072,1.6633460645983331,25.608206741472365,26.45103425593885,0.9681363115592635,9.463244041883137,33.78248801142882,0.2801227677097573
2024-06-30,12.811783620598153,8.397476814308757,1.5256706155791586,51.73669298451507,30.96071669834354,1.6710431314816134,25.61590839392407,26.38714088634075,0.9707724116175123,9.835615000962708,34.254665601006955,0.2871321272122878
2024-09-30,12.689830739063282,8.226044427051251,1.542640676402491,51.67761040212093,30.68487565179458,1.6841394760254995,25.71387465648639,26.34003203898886,0.9762279187217532,9.91868420232939,34.749047882165314,0.2854375819436503
2024-12-31,12.533969651741462,8.062771196149956,1.5545485971035047,51.56052910697523,30.45587799319306,1.692958223647307,25.903223501314887,26.331030658966913,0.9837527378554649,10.002277739968427,35.15032015169007,0.28455723011352163
2025-03-31,12.266036293174311,7.858528501328397,1.560856627433606,51.45721412897385,30.270385975426716,1.6999193261277359,25.984391191716277,26.33118491518247,0.986829543577956,10.29235838613557,35.53990060806241,0.28960008919666747
2025-06-30,12.06095379993309,7.688291385784299,1.5687430658824757,51.268831313659426,30.08376889775907,1.704202405220525,26.070087504104265,26.270455045963033,0.9923728941311369,10.600127382303226,35.95748467049359,0.2947961315826299
2025-09-30,11.981029567693916,7.554495834224142,1.5859469421395724,51.1567580563497,29.84727145469426,1.7139509095161853,26.215924599816514,26.236862262296057,0.9992019753631275,10.646287776139864,36.36137044878554,0.29279115843928394
2025-12-31,11.766460783213962,7.355469097128116,1.5996886980067775,51.189214563956284,29.66298005191776,1.725693590946093,26.354263148823232,26.218681262803866,1.0051711939536683,10.69006150400652,36.76286958815027,0.2907841967660826
2026-03-31,11.294901461740457,7.073437048547859,1.5968052566551423,51.63039348991391,29.914189516413458,1.7259499362864268,26.089437044282015,25.9993334585035,1.0034656113750888,10.985268004063615,37.01303997653518,0.29679453541313666
