Date,long_leg,short_leg,long_short
2013-02-28,0.009325717353507934,0.04562971300626656,-0.036303995652758624
2013-03-31,-0.053697994795246264,0.04012464133981006,-0.09382263613505631
2013-04-30,0.11354866400714232,0.012911521110682694,0.10063714289645963
2013-05-31,0.08722201728907057,0.014417072251655172,0.0728049450374154
2013-06-30,0.05044940990678326,-0.002764193523917019,0.05321360343070028
2013-07-31,0.0013847880729820129,0.05888260197163031,-0.057497813898648296
2013-08-31,-0.010154535117699325,-0.022055783474994012,0.011901248357294687
2013-09-30,0.04299741969286199,0.10136332883402527,-0.058365909141163276
2013-10-31,0.028984107208130116,0.05285329636051206,-0.023869189152381943
2013-11-30,0.038793385689621165,0.017998782694785186,0.02079460299483598
2013-12-31,-0.09731085180101526,-0.0013428829211201477,-0.09596796887989512
2014-01-31,-0.13874152562256964,-0.12335559477918082,-0.015385930843388823
2014-02-28,0.07443537993957876,0.06730955518715179,0.007125824752426971
2014-03-31,0.0383755298327114,0.010060489843874042,0.028315039988837356
2014-04-30,-0.07060412661626644,-0.04084627063244959,-0.029757855983816854
2014-05-31,0.015549900767001334,-0.00629352603132387,0.021843426798325204
2014-06-30,0.0805119116262842,0.057133466600397975,0.02337844502588622
2014-07-31,-0.04031096190590557,-0.023648315264057397,-0.016662646641848175
2014-08-31,0.05032566945437442,0.10232548586389345,-0.05199981640951903
2014-09-30,0.032736246825882075,0.019876587801943214,0.01285965902393886
2014-10-31,0.006055625122579444,0.04650683232552675,-0.04045120720294731
2014-11-30,0.07335959347288348,0.11244988329449557,-0.039090289821612084
2014-12-31,0.06732758624719329,0.010918809240249305,0.05640877700694398
2015-01-31,-0.008248205819954802,-0.03931819116169681,0.03106998534174201
2015-02-28,0.020898405242853448,0.08472135983937923,-0.06382295459652579
2015-03-31,0.019900026748151788,0.048897766118634944,-0.028997739370483156
2015-04-30,-0.02871373534172501,-0.06731679120269016,0.038603055860965144
2015-05-31,0.012218795000467053,-0.006651153281988597,0.01886994828245565
2015-06-30,0.03747629754499131,0.05891419865245715,-0.021437901107465844
2015-07-31,0.011246052356472535,0.024597279306558927,-0.013351226950086392
2015-08-31,-0.06738679718201886,-0.033571286019982625,-0.03381551116203623
2015-09-30,-0.017492013267238725,-0.06424314629878287,0.04675113303154415
2015-10-31,0.015054128226222829,-0.014769123546149298,0.029823251772372127
2015-11-30,-0.005041963534472527,-0.007604308927105796,0.0025623453926332694
2015-12-31,0.007488748157698599,0.04001143684103479,-0.03252268868333619
2016-01-31,-0.01698394124436451,0.09859312027292164,-0.11557706151728614
2016-02-29,-0.11590170502711487,0.01704514760842677,-0.13294685263554165
2016-03-31,0.09076834873001585,0.06412258029024547,0.026645768439770387
2016-04-30,0.012139850352209302,-0.014822228707633412,0.026962079059842714
2016-05-31,-0.029607436615916628,0.04744534354318086,-0.07705278015909749
2016-06-30,-0.0018307774416504775,0.07351185827072682,-0.07534263571237729
2016-07-31,0.06257270922552309,0.07326354845970351,-0.010690839234180419
2016-08-31,0.009306895530431226,-0.08446946124067875,0.09377635677110997
2016-09-30,-0.04831540979481641,-0.03080982497159599,-0.01750558482322042
2016-10-31,-0.04941618502284795,-0.04507242174251651,-0.004343763280331439
2016-11-30,0.0536508769508935,0.11746993344501915,-0.06381905649412564
2016-12-31,-0.03459527166777983,-0.04234581587484758,0.00775054420706775
2017-01-31,0.005540555122539326,-0.0021223738398845836,0.007662928962423909
2017-02-28,0.003780026499260769,0.010147503416645743,-0.006367476917384974
2017-03-31,0.08323295837299469,0.031488088158371785,0.0517448702146229
2017-04-30,0.008573782790746009,0.04785658621634601,-0.039282803425600005
2017-05-31,0.021058668267430303,-0.006991954397010902,0.028050622664441204
2017-06-30,0.0888314648845205,-0.06198553467740999,0.15081699956193048
2017-07-31,-0.005368935088636428,-0.007959905623595342,0.0025909705349589137
2017-08-31,-0.04441390204599736,0.02253945677493465,-0.06695335882093201
2017-09-30,0.125110876711314,0.11282535139633527,0.012285525314978715
2017-10-31,0.04184194728399844,0.005046334827053589,0.03679561245694485
2017-11-30,0.09974145593882518,0.1334400730913805,-0.03369861715255533
2017-12-31,0.02942633904207903,0.07710331125111543,-0.0476769722090364
2018-01-31,0.0483063895364253,0.035679870028716996,0.012626519507708302
2018-02-28,-0.03798381250635548,-0.041035442924397536,0.003051630418042059
2018-03-31,0.07370602732697829,0.01958090622066555,0.054125121106312735
2018-04-30,0.06432422681920755,0.013053034702934863,0.051271192116272686
2018-05-31,0.059465783009000496,-0.03576966241440425,0.09523544542340474
2018-06-30,0.09141064736537048,0.12892875890988056,-0.03751811154451008
2018-07-31,-0.00011580420028360905,0.02267892737986841,-0.02279473158015202
2018-08-31,0.11019119145743997,0.07488951553100201,0.03530167592643796
2018-09-30,0.007067544774298651,0.029989752718803265,-0.022922207944504613
2018-10-31,-0.07791810415596587,-0.0035343678023224134,-0.07438373635364345
2018-11-30,-0.013800908536225088,-0.0404208180914045,0.026619909555179413
2018-12-31,-0.07645776336355156,-0.015024881527197987,-0.06143288183635358
2019-01-31,0.1425643866496093,0.10297082374383959,0.03959356290576971
2019-02-28,0.08997095206438196,0.002343193305702496,0.08762775875867947
2019-03-31,-0.005685015668495353,0.007502365191524474,-0.013187380860019826
2019-04-30,0.03317329270950693,0.0848631275049272,-0.05168983479542026
2019-05-31,-0.11381825471176635,-0.06381837614072675,-0.0499998785710396
2019-06-30,0.14211473256129428,0.041341425960168786,0.10077330660112549
2019-07-31,0.03931112670103194,0.01040417610479385,0.028906950596238094
2019-08-31,-0.0801099796800194,0.06573259036327787,-0.14584257004329726
2019-09-30,0.07659545316675716,0.03888338082584353,0.03771207234091363
2019-10-31,-0.0005527564881879776,-0.013976328573580821,0.013423572085392844
2019-11-30,0.08175517316266814,0.005718668979926522,0.07603650418274162
2019-12-31,0.06048720273254164,0.014227051377072298,0.04626015135546935
2020-01-31,-0.0034825122813176177,-0.057160326981631135,0.05367781470031352
2020-02-29,-0.07807517296281148,-0.04926686072473896,-0.028808312238072523
2020-03-31,-0.27674850164904086,-0.16983194171692897,-0.10691655993211188
2020-04-30,0.21228576519631778,0.14642530711824575,0.06586045807807203
2020-05-31,0.2227852097918351,0.13812109557196414,0.08466411421987097
2020-06-30,-0.012633257231959205,-0.04365875491177955,0.031025497679820345
2020-07-31,0.03543667856862156,0.006780995873157969,0.02865568269546359
2020-08-31,0.11941655080610378,0.0319522792171754,0.08746427158892837
2020-09-30,-0.005836233125744439,0.04371643522721123,-0.049552668352955666
2020-10-31,-0.048262737596656446,-0.022388577014596133,-0.025874160582060313
2020-11-30,0.24903119268419877,0.16421344853644304,0.08481774414775572
2020-12-31,0.05303657756717821,0.08178884128971789,-0.02875226372253968
2021-01-31,-0.031211745975975848,-0.05399100134873003,0.02277925537275418
2021-02-28,0.10016051458387283,0.016826961174740095,0.08333355340913273
2021-03-31,0.04584846570431185,0.08952706163947491,-0.04367859593516306
2021-04-30,0.09455638440042402,0.06098103468760931,0.03357534971281471
2021-05-31,-0.029291990924765133,-0.06707344379282625,0.037781452868061116
2021-06-30,0.036495737751753674,0.023108149125207443,0.01338758862654623
2021-07-31,0.011748218977001224,0.02304931306261899,-0.011301094085617767
2021-08-31,0.0506016459708015,-0.036071882295800474,0.08667352826660198
2021-09-30,-0.05245265860392108,-0.05836274432699244,0.005910085723071362
2021-10-31,0.07700807730312469,0.06046094754316285,0.016547129759961837
2021-11-30,-0.03149569295276462,0.05933994623267149,-0.0908356391854361
2021-12-31,-3.470794057267579e-05,0.03545958929992617,-0.035494297240498844
2022-01-31,-0.14777570766598924,-0.1439521969214568,-0.003823510744532438
2022-02-28,0.025879755946700268,-0.01598256344163007,0.041862319388330335
2022-03-31,-0.040070909455926375,0.0034951637219527544,-0.04356607317787913
2022-04-30,-0.022476940016517743,0.05923997843983908,-0.08171691845635683
2022-05-31,-0.06196842687725383,-0.11504405701355051,0.05307563013629668
2022-06-30,-0.10629181931292127,-0.08135926407188934,-0.024932555241031926
2022-07-31,0.12738251994949823,0.07774736436969536,0.04963515557980287
2022-08-31,-0.03578523671363383,-0.032487598218337355,-0.003297638495296476
2022-09-30,-0.07286128754835919,-0.02633210616268713,-0.04652918138567206
2022-10-31,0.05484910326713834,0.14130753022268333,-0.08645842695554498
2022-11-30,0.15877906274537762,0.12965804876285142,0.0291210139825262
2022-12-31,-0.044774128185606464,0.00622004264929239,-0.05099417083489886
2023-01-31,0.10200784595354592,0.05534855903343898,0.04665928692010694
2023-02-28,-0.038138176140453894,-0.04056554211902881,0.0024273659785749163
2023-03-31,0.010350615927372474,-0.024845540292025948,0.03519615621939842
2023-04-30,0.01725263488629918,0.00875890935364112,0.008493725532658059
2023-05-31,-0.14966214430328686,-0.1178261993707308,-0.031835944932556065
2023-06-30,0.17358659720888658,0.035828011500959975,0.1377585857079266
2023-07-31,0.02094264295071726,0.05689621216138141,-0.03595356921066415
2023-08-31,-0.0670830607377401,-0.11709999946226483,0.05001693872452473
2023-09-30,-0.07998749848398708,-0.13335697654079254,0.05336947805680546
2023-10-31,-0.06793165512162638,0.035538571670726736,-0.10347022679235313
2023-11-30,0.12741851866037893,0.16454206084894513,-0.0371235421885662
2023-12-31,0.12797657681114322,0.10562895595020438,0.022347620860938833
2024-01-31,-0.06386737539445793,-0.05325941794023381,-0.010607957454224118
2024-02-29,0.1258436477099793,0.09526020659683146,0.03058344111314784
2024-03-31,0.022030484240383674,0.0010710869272573475,0.020959397313126328
2024-04-30,-0.15400298759538933,-0.15042526766592595,-0.0035777199294633744
2024-05-31,-0.014163102632051117,0.0675694968494327,-0.08173259948148381
2024-06-30,-0.07266820259462925,-0.05957202869220433,-0.013096173902424922
2024-07-31,-0.012499160665754095,-0.07406227923486441,0.06156311856911032
2024-08-31,-0.05063017667577856,-0.0764262320723135,0.025796055396534942
2024-09-30,0.13824105624487873,0.0013774418197982196,0.13686361442508052
2024-10-31,-0.05808065610789039,-0.03721546903633375,-0.020865187071556643
2024-11-30,0.11110157555611719,0.05840299671128726,0.05269857884482993
2024-12-31,0.07616768980579551,0.0310656042107303,0.045102085595065206
2025-01-31,0.057866918969458635,-0.0383433327094451,0.09621025167890374
2025-02-28,-0.10159406696509939,-0.045223977542397285,-0.0563700894227021
2025-03-31,-0.15248551728050702,-0.01049007687400263,-0.1419954404065044
2025-04-30,-0.05027862404715413,0.041351841457071936,-0.09163046550422607
2025-05-31,0.1396160132947708,0.1400116329410716,-0.00039561964630080437
2025-06-30,-0.002534653848601476,0.06624497625839003,-0.06877963010699151
2025-07-31,0.0554436988563729,0.07053555231842916,-0.015091853462056257
2025-08-31,0.007847921102145449,0.04075389417747961,-0.03290597307533416
2025-09-30,-0.017339394279614416,-0.04105237528701331,0.023712981007398895
2025-10-31,-0.02498681622149832,0.029054070171542712,-0.054040886393041034
2025-11-30,0.031139803183734306,0.061564928510644726,-0.03042512532691042
2025-12-31,0.09324977255864568,0.12680378971203005,-0.033554017153384366
