,z_wealth,z_income,z_consumer,K,K_pca,K_invvar
1997-12-31,-1.148580870803594,-1.6889238441599315,0.9311958181597296,-0.6354362989345987,-1.4436454631340683,-1.2829302559109097
1998-03-31,-1.1539090836954096,-2.015479675629118,0.6571400101728585,-0.837416249717223,-1.7032296026613865,-1.3794402578904557
1998-06-30,-1.1133393792465627,-2.1461020082167916,0.5442935010017905,-0.905049295487188,-1.7859692826756355,-1.3875408083510252
1998-09-30,-1.238589031263884,-1.982824092482199,0.14127025396227383,-1.0267142899279362,-1.8292816187189138,-1.4347926407265557
1998-12-31,-1.1247068916312055,-1.5583015115722572,-0.06830183449827557,-0.9171034125672461,-1.5505144744169357,-1.2371182270782275
1999-03-31,-1.171882712438667,-1.1990900969561522,0.5926562906465346,-0.5927721729160949,-1.2200900861657686,-1.1661722028387975
1999-06-30,-1.0958588283126038,-1.0031565980746406,1.543791153659798,-0.18507475757581546,-0.8699609473814449,-1.0502880494751086
1999-09-30,-1.124005315283011,-0.6112896003116169,0.5926562906465346,-0.3808795416493644,-0.8319841050521221,-0.9687901020969192
1999-12-31,-1.0759866317973674,-0.4153561014301051,0.6087772205281168,-0.29418850423311854,-0.683070811927672,-0.8799549695819394
2000-03-31,-1.0864357952554327,-0.3500449351362678,1.3019772054360887,-0.044834508318537226,-0.5093684175547741,-0.8640869413948412
2000-06-30,-1.1016484167844343,-0.31738935198934926,0.4798097814754688,-0.31307599576610495,-0.6613003708926942,-0.8720780685048837
2000-09-30,-1.1171066204838507,-0.3827005182831863,1.2536144157913471,-0.08206424099189664,-0.5548602507810597,-0.8954416426167356
2000-12-31,-1.0934377470693841,-0.5133228508708612,-0.10054369426143754,-0.5691014307338943,-0.8944077304478124,-0.9249546553911894
2001-03-31,-1.1253509509765758,-0.4480116845770236,0.10902839419911185,-0.4881114137848292,-0.8283352312423389,-0.9280666172850454
2001-06-30,-1.0713724181600313,-0.4806672677239423,0.4798097814754688,-0.3574099681361682,-0.7469238364560575,-0.8957537039999581
2001-09-30,-1.1056536429778447,-0.5133228508708612,-0.48744601141937666,-0.7021408350893609,-0.9779889327159796,-0.9365959908544521
2001-12-31,-1.0116200992737034,-0.3827005182831866,-0.48744601141937666,-0.6272555429920889,-0.8492880180427296,-0.833113386954479
2002-03-31,-1.0062513698214044,-0.18676701940167473,0.7538655894623422,-0.14638426658691228,-0.47710707937351954,-0.7655608545120637
2002-06-30,-0.9907980726940482,0.20509997836134847,0.15739118384385367,-0.20943563682961533,-0.3460186514513566,-0.6502270132130489
2002-09-30,-1.0337981631768354,0.5969669761243719,-0.45520415165621464,-0.2973451129028927,-0.24791170320383427,-0.5768036856858446
2002-12-31,-1.0088908208297551,0.6622781424182091,-0.24563206319566527,-0.1974149138690704,-0.1529124133922187,-0.5392936463724117
2003-03-31,-0.946364190089822,0.956178390740477,-0.13278555402459952,-0.040990451124648185,0.08334929753183981,-0.41216724887650547
2003-06-30,-0.8172946459321844,0.8908672244466391,-0.06830183449827786,0.001756914672058967,0.12153638210520099,-0.3375367041643887
2003-09-30,-0.8228722237440734,0.9561783907404765,0.9473167480413094,0.36020763834590414,0.36218736011654745,-0.315762579240021
2003-12-31,-0.7731755547508511,0.9561783907404765,1.5437911536598001,0.5755979965498085,0.5067541907218494,-0.2757504295041776
2004-03-31,-0.7148768036457916,0.9235228075935579,1.6888795225940256,0.632508508847264,0.5452370123112891,-0.242045237222185
2004-06-30,-0.7454641249214532,0.9561783907404765,1.2213725560281827,0.47736227394906866,0.4563933051629091,-0.25836235923251294
2004-09-30,-0.6875824730006767,0.7275893087120461,1.3825818548439925,0.47419623018512064,0.3766431905069574,-0.27921876371439813
2004-12-31,-0.6617895499396211,0.7929004750058835,0.5604144308833726,0.23050845198321165,0.26579410010421606,-0.24883021543434702
2005-03-31,-0.6632244797976777,0.7929004750058838,1.4148237146071523,0.5148332366051195,0.4359051334083145,-0.24343428697859945
2005-06-30,-0.6306952055888286,0.7602448918589649,0.6571400101728563,0.26222989881433084,0.28075714532488394,-0.23493742607618331
2005-09-30,-0.6637347473237305,0.8908672244466393,0.9311958181597296,0.3861094317608795,0.3995646116038979,-0.2202417732102103
2005-12-31,-0.6966248310187896,0.825556058152802,0.9150748882781498,0.3480020384707207,0.33918248926880806,-0.2620048247472242
2006-03-31,-0.5986012788268829,0.5969669761243719,1.5760330134229599,0.5247995702401497,0.3797944129133917,-0.25040694509517336
2006-06-30,-0.5990879426867309,0.5643113929774533,1.4793074341334762,0.48151029480806623,0.3399987683646191,-0.26054595927607704
2006-09-30,-0.5620624634360178,0.46634464353669736,1.5115492938966382,0.47194382466577256,0.30467292223567327,-0.26102575130804057
2006-12-31,-0.4949815297210038,0.5316558098305346,0.49593071135705097,0.17753499715552726,0.17616205487630726,-0.20257367191389594
2007-03-31,-0.4081614896569969,0.46634464353669736,1.914572540936155,0.6575852316052851,0.46360805278508577,-0.14797011259665305
2007-06-30,-0.33488281708097944,0.33572231094902305,0.8183493089886661,0.2730629342855699,0.20089124731014432,-0.14007756119725692
2007-09-30,-0.25669750933347807,0.27041114465518545,2.0919027696335446,0.7018721349850839,0.4549305585762761,-0.09273761463934244
2007-12-31,0.009868333118888604,-0.02348910366708163,1.092405116975537,0.35959478214244806,0.20891825034673733,0.008745830013807687
2008-03-31,0.2377828200288099,-0.15411143625475623,-0.019939044853533747,0.021244112973506642,0.021701617194683234,0.127069060911434
2008-06-30,0.2179973706304697,-0.12145585310783773,-0.6647762401167641,-0.18941157419804402,-0.09710064001570282,0.11714156254452923
2008-09-30,0.5947644218375634,-0.08880026996091935,-0.76150181940625,-0.08517922250986865,0.09557460695524803,0.39483601046170924
2008-12-31,0.8399708878519763,0.303066727802104,-2.0350552800511297,-0.29733922146568315,0.20824428764959796,0.6693354445248145
2009-03-31,1.3217989740186915,0.5643113929774533,-2.196264578866936,-0.10338473729026372,0.5829627473540018,1.0851038649990243
2009-06-30,1.2994993155318,0.5316558098305346,-1.3579762250247385,0.15772630011253205,0.7190209870290237,1.066397973515416
2009-09-30,1.4929700202525957,0.5969669761243718,-1.6481529628931895,0.14726134449459263,0.7999080694359743,1.220660767169822
2009-12-31,1.7305826599990666,0.4010334772428602,-0.5841715907088603,0.5158148488443556,1.012376417493277,1.3441465632043046
2010-03-31,1.8172924483561796,0.27041114465518545,-0.6647762401167641,0.4743091176315337,0.9595730586416273,1.3692746963304976
2010-06-30,1.9197153895479584,0.4010334772428602,-0.10054369426143754,0.740068390843127,1.2053648208153225,1.4829958283984523
2010-09-30,1.8265443410926385,0.499000226683616,-0.6486553102351842,0.5589630858470234,1.1089578902307922,1.4394588680294764
2010-12-31,2.3323540869450983,0.5969669761243719,0.12514932408069285,1.018156795716721,1.5818071661310167,1.8340793337780528
2011-03-31,2.3228053537226927,0.8908672244466396,0.834470238870246,1.3493809390131928,1.9006427432980364,1.9141609272170896
2011-06-30,2.2048739528660244,1.0868007233281511,0.6571400101728574,1.3162715621223444,1.9263913494314076,1.8829014561555477
2011-09-30,2.1379065877780805,1.2827342222096627,-1.067799487156283,0.78428044094382,1.6686364221314784,1.8764451524021446
2011-12-31,2.2530947741535896,1.4786677210911743,-0.6002925205904401,1.0438233248847746,1.942000968700427,2.016693577094759
2012-03-31,2.1698186097778467,1.6092900536788488,0.23799583325175974,1.3390348322361518,2.1480533425845003,1.9997149921060087
2012-06-30,1.8082472026399354,1.4460121379442559,-0.019939044853533747,1.0781067652435525,1.811369346970747,1.6939621483753964
2012-09-30,1.711764700397647,1.3480453885035,-1.3096134353799944,0.5833988845070509,1.4437550019340013,1.5880995762052919
2012-12-31,1.4358064298919875,1.3153898053565816,-0.6164134504720222,0.7115942615921824,1.4216672673513964,1.3869582196443815
2013-03-31,1.5525581091268912,1.3480453885034998,-0.40684136201147286,0.8312540452063061,1.543216284142833,1.4810652848059092
2013-06-30,1.2778421104233793,1.5439788873850115,0.3347214125412434,1.052180803449878,1.6728826112397572,1.3446242135099236
2013-09-30,1.0489097120335746,1.5439788873850118,0.17351211372543582,0.9221335710480073,1.5241010878970804,1.1797447847857623
2013-12-31,1.1048795349213585,1.3480453885035,0.5120516412386308,0.9883255215544965,1.4990426948775044,1.1679184987748341
2014-03-31,1.0477886103372167,0.8255560581528022,0.9956795376860536,0.9563414020586908,1.2433636292666919,0.9857126492229453
2014-06-30,0.8894168092245899,0.5643113929774533,0.44756792171230914,0.6337653746381174,0.8914829219548492,0.7958574848071505
2014-09-30,0.844591543954798,0.4010334772428601,0.7699865193439243,0.6718705135138608,0.8320946357187797,0.7209139587377567
2014-12-31,0.8791487391273601,0.30306672780210414,0.3024795527780814,0.49489833990251525,0.6955860249645934,0.7149134089696095
2015-03-31,0.8227617239184019,0.2050999783613483,-0.19726927355092116,0.27686414290960965,0.5063317455455305,0.6436529228431515
2015-06-30,0.7876161968656652,0.07447764577367404,0.5120516412386308,0.45804849462599,0.5494408649581006,0.5876016839656091
2015-09-30,0.7622199593086721,-0.15411143625475646,-0.003818114971953904,0.2014301360273206,0.29191091847621536,0.5021194997764715
2015-12-31,0.6420548165145793,0.04182206262675537,-0.8582273986957336,-0.05811683985146632,0.18113848454644155,0.46417412597568647
2016-03-31,0.6198528940165725,0.1071332289205927,0.12514932408069399,0.28404514900595307,0.40687931879664974,0.47382088494143776
2016-06-30,0.6453275944138641,-0.15411143625475646,0.20575397348859548,0.23232337721590104,0.27430667515733087,0.4201262607131936
2016-09-30,0.4923865648447478,-0.15411143625475623,0.06066560455437004,0.13298024438145387,0.1674350481198154,0.3096955549276479
2016-12-31,0.5097725154984203,-0.5459784340177795,0.15739118384385367,0.04039508844149817,-0.046861421405044124,0.21408292726301084
2017-03-31,0.45882167464619983,-0.44801168457702384,0.18963304360701566,0.06681434455873055,-0.0057311409005750815,0.2050918980112114
2017-06-30,0.3962474747235859,-0.25207818569551227,0.6248981504096965,0.2563558131459234,0.17068944323299315,0.21801255561546973
2017-09-30,0.36490979320938666,-0.21942260254859366,0.6571400101728585,0.26754240027788384,0.18138992001462675,0.2049151262876164
2017-12-31,0.34560520781904214,-0.08880026996091901,0.27023769301491946,0.17568087695768086,0.17502928142294844,0.22446234355163774
2018-03-31,0.2657558241718935,-0.18676701940167473,1.156888836501861,0.41195921375735994,0.25104511506731786,0.1468484550381876
2018-06-30,0.20650773706067288,-0.4153561014301051,-0.27787392295882724,-0.16224076244275315,-0.2074537241706661,0.030258544299744432
2018-09-30,0.2112007638492566,-0.7092563497523728,-0.003818114971953904,-0.1672912336250234,-0.332132349708197,-0.04590336760096274
2018-12-31,0.18783075914243066,-0.7745675160462103,-0.7453808895246679,-0.44403921547614916,-0.5327220315149395,-0.08631280720832088
2019-03-31,0.19950315130782223,-0.9378454317808035,-0.2939948528404071,-0.34411237777112946,-0.5375605041211563,-0.1198958449085789
2019-06-30,0.1776781389199691,-0.9051898486338843,-0.5196878711825363,-0.4157331936321505,-0.573592024678966,-0.12813115292515154
2019-09-30,0.07358562450118052,-0.7745675160462101,-0.6486553102351842,-0.44987906726007126,-0.5715425727862802,-0.16726165538179996
2019-12-31,0.05479646625192888,-1.0031565980746404,-0.35847857236672875,-0.43561290139648007,-0.6645376528438669,-0.24196203552106374
2020-03-31,-0.09311272336072292,-1.0684677643684775,-0.8582273986957336,-0.673269295474978,-0.8801776494376033,-0.3695892279073345
2020-06-30,-0.21797728996443594,-0.8398786823400473,-1.2128878560905108,-0.756914609464998,-0.8732089927765092,-0.39807406839477777
2020-09-30,-0.29227294335733933,-0.6112896003116174,-1.2934925054984145,-0.7323516830557905,-0.7856979609115182,-0.3883464915657803
2020-12-31,-0.363090511319085,-0.48066726772394275,-1.164525066445769,-0.6694276151629323,-0.7151337503701594,-0.40174950142701815
2021-03-31,-0.44418088645756093,-0.6766007666054539,-0.3423576424851489,-0.48771309851605454,-0.7132654049968873,-0.5079275449596045
2021-06-30,-0.46925883270721147,-0.8725342654869662,-0.10054369426143754,-0.4807789308185384,-0.7989249854485277,-0.5784232915963335
2021-09-30,-0.5137425586106391,-1.5909570947191756,-1.4869436640773819,-1.1972144391357322,-1.5433472062249745,-0.8200558328637001
2021-12-31,-0.5463522695642206,-2.0154796756291176,-1.3579762250247362,-1.3066027234060247,-1.7968564696684057,-0.9602329961320129
2022-03-31,-0.6273978223526595,-2.407346673392141,-1.503064593958964,-1.512603029901255,-2.1096148455715737,-1.1280335115536022
2022-06-30,-0.7495698539414631,-2.766558088008246,-2.631529685669617,-2.049219209206442,-2.6197319221942372,-1.3235630809042578
2022-09-30,-0.7415077803424615,-2.8318692543020836,-1.906087840998483,-1.8264882918810093,-2.51098813234108,-1.3304750951190496
2022-12-31,-0.6679150854463547,-2.211413174510629,-3.0990366522354598,-1.9927883040641479,-2.3281168791370837,-1.114610849271984
2023-03-31,-0.6760576617054134,-1.6236126778660942,-1.7932413318274172,-1.3643038904663083,-1.707432673424534,-0.9474639802786248
2023-06-30,-0.6572996947327672,-0.7745675160462101,-1.873845981235322,-1.1019043973380998,-1.1886095453585537,-0.6989929363079974
2023-09-30,-0.6528594273303796,-0.05614468681400073,0.47980978147547,-0.07639811088963679,-0.2711675425662935,-0.4787182179594224
2023-12-31,-0.6091767380280094,-0.15411143625475646,-0.8259855389325717,-0.5297579044051125,-0.5706485694017538,-0.48449541167406407
2024-03-31,-0.6048613553099765,0.07447764577367387,0.3347214125412411,-0.06522076566502051,-0.1949136692578965,-0.4092376688064767
2024-06-30,-0.5906803007356737,-0.08880026996091923,0.769986519343922,0.030168649549109694,-0.20169843141701566,-0.4411483856751791
2024-09-30,-0.5506662308851913,0.10713322892059297,1.1407679066202814,0.23241163488522767,0.014055147462777385,-0.3553702447394083
2024-12-31,-0.5820258710927912,0.923522807593558,0.5926562906465346,0.3113844090491004,0.3936772152272914,-0.15530705571931652
2025-03-31,-0.5851701904775983,1.217423055915826,-0.22951113331408313,0.13424724404138147,0.4095478116814815,-0.08215758142241568
2025-06-30,-0.5773418503456146,1.5439788873850115,-1.4547018043142221,-0.16268825575827506,0.3706261865959677,0.004871390221108066
2025-09-30,-0.5550386039022461,1.5766344705319304,-0.43908322177463366,0.1941708816183502,0.6052636858749688,0.037513908330396056
2025-12-31,-0.5525228783938162,1.0541451401812323,-0.7615018194062488,-0.08662651920627758,0.21875852314741484,-0.10813639332824948
2026-03-31,-0.5575526477379911,0.825556058152802,-0.06830183449827557,0.06656719197217845,0.21335384804085367,-0.1699708021427315
